timestamp,workload,prompt_eval_count,prompt_eval_cached_count,generated_tokens,wall_latency_s,ollama_total_s,load_s,prompt_eval_s,generation_s,tokens_per_second
2026-09-20T03:04:19.121232,short,43,0,76,11.641936400003033,11.525159716,6.662475541,0.613971,4.237603,17.934667310741474
2026-09-20T03:04:24.438819,short,44,24,91,5.315216100003454,5.155763767,0.00340757,0.299627,4.848541,18.768532636931397
2026-09-20T03:04:27.119707,short,41,24,44,2.6801745999982813,2.607926977,0.001399498,0.261666,2.339796,18.80505821875069
2026-09-20T03:04:47.377843,medium,67,26,350,20.257471300006728,20.199045056,0.001299221,0.570557,19.623,17.836212607654282
2026-09-20T03:05:02.550050,medium,64,27,260,15.171529100000043,15.019895375,0.001370554,0.573426,14.437993,18.00804308465865
2026-09-20T03:05:25.344238,medium,64,26,397,22.793410799989942,22.660207868,0.001640924,0.561865,22.091455,17.97074932366383
2026-09-20T03:06:17.293508,long,105,24,862,51.9485113999981,51.682875109,0.001289703,1.200737,50.473933,17.078122285418097
2026-09-20T03:06:40.068234,long,88,24,337,22.773938300000736,20.046121359,0.006007106,0.945515,19.083926,17.658840219774483
2026-09-20T03:16:15.577638,raspberry_pi,qwen2.5:0.5b,short,1,True,,2.8564,2.5646,0.0019,0.6254,1.9182,43,39,68.75,20.33,256,stop
2026-09-20T03:16:17.341059,raspberry_pi,qwen2.5:0.5b,short,2,True,,1.7629,1.7346,0.0013,0.0444,1.6863,43,33,968.05,19.57,256,stop
2026-09-20T03:16:20.925091,raspberry_pi,qwen2.5:0.5b,short,3,True,,3.5831,3.5444,0.0082,0.0707,3.4614,43,68,608.39,19.65,256,stop
2026-09-20T03:16:35.489525,raspberry_pi,qwen2.5:0.5b,medium,1,True,,14.5625,14.2767,0.0014,0.6103,13.6608,65,256,106.51,18.74,256,length
2026-09-20T03:16:49.720632,raspberry_pi,qwen2.5:0.5b,medium,2,True,,14.23,13.9446,0.0014,0.0646,13.8725,65,256,1005.77,18.45,256,length
2026-09-20T03:17:03.957425,raspberry_pi,qwen2.5:0.5b,medium,3,True,,14.2356,13.9004,0.002,0.0447,13.846,65,256,1455.57,18.49,256,length
2026-09-20T03:17:19.007554,raspberry_pi,qwen2.5:0.5b,long,1,True,,15.0485,14.6679,0.0014,0.7598,13.9008,81,256,106.61,18.42,256,length
2026-09-20T03:17:32.956728,raspberry_pi,qwen2.5:0.5b,long,2,True,,13.9482,13.7946,0.0014,0.0459,13.7414,81,256,1765.71,18.63,256,length
2026-09-20T03:17:47.172458,raspberry_pi,qwen2.5:0.5b,long,3,True,,14.2141,14.1091,0.0024,0.0597,14.0404,81,256,1356.99,18.23,256,length
